-- Muestra de los egistros relacionados para CLIENTE y VENDEDOR
INSERT INTO FEBECA.VENDEDOR (VENDEDOR, NOMBRE) VALUES 
('103', 'WILLIAMS LEON'), ('164', 'VENDEDOR PRUEBA1'),
('165', 'VENDEDOR PRUEBA2'), ('166', 'VENDEDOR PRUEBA3');
INSERT INTO FEBECA.CLIENTE (CLIENTE, NOMBRE, DIRECCION, SALDO, ZONA) VALUES 
('01-01-028', 'REPRESENTACIONES IVAN 2014, C.A.', 'Capital', 450.07, 'Z103'),
('57-45-028', 'CLIENTE DE PRUEBA 2', 'Valencia', 1200.50, 'Z164'),
('57-45-029', 'CLIENTE DE PRUEBA 2', 'Valencia', 1200.50, 'Z165'),
('01-01-029', 'REPRESENTACIONES IVAN2 2015, C.A.', 'Capital', 750.07, 'Z104');

INSERT INTO FEBECA.CLIENTE_VENDEDOR (CLIENTE, VENDEDOR) VALUES 
('01-01-028', '103'), ('01-01-029', '103'), 
('57-45-028', '164'),('57-45-029', '165') ;
-- Muestra de los registros para ARTICULO y EXISTENCIAS

INSERT INTO FEBECA.ARTICULO (ARTICULO, DESCRIPCION, PRECIO_BASE_LOCAL) VALUES 
('04-31-037', 'Cable Iconel 18 AWG gris', 852.47),
('03-42-031', 'Articulo de Prueba B', 150.00),
('03-42-032', 'Articulo de Prueba C', 160.00),
('03-42-033', 'Articulo de Prueba D', 10.00),
('03-42-034', 'Articulo de Prueba E', 15.00),
('03-42-035', 'Articulo de Prueba F', 50.00);

INSERT INTO FEBECA.EXISTENCIA_BODEGA (ARTICULO, BODEGA, CANT_DISPONIBLE) VALUES 
('04-31-037', 'BO07', 150.00), ('04-31-037', 'BO01', 45.00),
('03-42-031', 'BO07', 300.00), ('03-42-031', 'BO01', 200.00),
('03-42-032', 'BO01', 300.00), ('03-42-032', 'BO07', 250.00),
('03-42-033', 'BO01', 300.00), ('03-42-033', 'BO07', 250.00),
('03-42-034', 'BO01', 300.00), ('03-42-034', 'BO07', 250.00),
('03-42-035', 'BO01', 300.00), ('03-42-035', 'BO07', 250.00);